[
    {
        "name": "[ekm:alinkcol]",
        "trigger": "alinkcol",
        "usage": "html5",
        "description": "Outputs a hexidecimal colour code for the link hover colour set in the design section of your account.",
        "template": "alinkcol.snippet"
    },
    {
        "name": "[ekm:backcol]",
        "trigger": "backcol",
        "usage": "html5",
        "description": "Background colour tag, this outputs a hexidecimal colour code. This is also used in the checkout process to style the 'Safe Shopping Guarantee' box.",
        "template": "backcol.snippet"
    },
    {
        "name": "[ekm:backcol2]",
        "trigger": "backcol2",
        "usage": "html5",
        "description": "Background colour 2 tag, this outputs a hexidecimal colour code. This is also used in the checkout process to style the 'Safe Shopping Guarantee' box.",
        "template": "backcol2.snippet"
    },
    {
        "name": "[ekm:backcol3]",
        "trigger": "backcol3",
        "usage": "html5",
        "description": "Background colour 3 tag, this outputs a hexidecimal colour code. This is also used in the checkout process to style the 'Safe Shopping Guarantee' box.",
        "template": "backcol3.snippet"
    },
    {
        "name": "[ekm:colour_1]",
        "trigger": "colour_1",
        "usage": "html5",
        "description": "Used to define hexidecimal colours in your design which can be set and edited from the 'design' section of your account.",
        "template": "colour1.snippet"
    },
    {
        "name": "[ekm:textcol]",
        "trigger": "textcol",
        "usage": "html5",
        "description": "Outputs a hexidecimal colour code for the default text colour. This can be changed within the design section of your account.",
        "template": "textcol.snippet"
    },
    {
        "name": "[ekm:linkcol]",
        "trigger": "linkcol",
        "usage": "html5",
        "description": "Outputs a hexidecimal colour code for the link default colour. This can be changed within the design section of your account.",
        "template": "linkcol.snippet"
    },
    {
        "name": "[ekm:vlinkcol]",
        "trigger": "vlinkcol",
        "usage": "html5",
        "description": "Outputs a hexidecimal colour code for the visited link colour. This can be changed within the design section of your account.",
        "template": "vlinkcol.snippet"
    },
    {
        "name": "[ekm:back]",
        "trigger": "back",
        "usage": "html5",
        "description": "Outputs a link to the previous page being viewed.",
        "template": "back.snippet"
    },
    {
        "name": "[ekm:category_jumplist]",
        "trigger": "category_jumplist",
        "usage": "html5",
        "description": "Outputs a form select box jump menu for navigation around the website. This can also be used to navigate through sub-categories.",
        "template": "category_jumplist.snippet"
    },
    {
        "name": "[ekm:changepasswordlink] Admin",
        "trigger": "changepasswordlink",
        "usage": "html5",
        "description": "New Outputs a link to the change password page.",
        "template": "changepasswordlink.snippet"
    },
    {
        "name": "[ekm:checkout]",
        "trigger": "checkout",
        "usage": "html5",
        "description": "Outputs a link to the checkout page.",
        "template": "checkout.snippet"
    },
    {
        "name": "[ekm:customerlogout]",
        "trigger": "customerlogout",
        "usage": "html5",
        "description": "Outputs a generated link to logout a user if they are logged in using the secure login tag.",
        "template": "customerlogout.snippet"
    },
    {
        "name": "[ekm:location]",
        "trigger": "location",
        "usage": "html5",
        "description": "Outputs a breadcrumb trail menu for your current position within the website.",
        "template": "location.snippet"
    },
    {
        "name": "[ekm:mainsitelink]",
        "trigger": "mainsitelink",
        "usage": "html5",
        "description": "Outputs a link to your main site if this is filled in within the settings of your shop.",
        "template": "mainsitelink.snippet"
    },
    {
        "name": "[ekm:multicurrency]",
        "trigger": "multicurrency",
        "usage": "html5",
        "description": "Outputs either flag images or dropdown menu of the currencies you accept on your website. This allows users to view your website in multiple currencies.",
        "template": "multicurrency.snippet"
    },
    {
        "name": "[ekm:searchlink]",
        "trigger": "searchlink",
        "usage": "html5",
        "description": "Outputs a link to your shop's search page.",
        "template": "searchlink.snippet"
    },
    {
        "name": "[ekm:viewcart]",
        "trigger": "viewcart",
        "usage": "html5",
        "description": "Outputs a link to your shop's shopping cart page.",
        "template": "viewcart.snippet"
    },
    {
        "name": "[ekm:categoryid]",
        "trigger": "categoryid",
        "usage": "html5",
        "description": "Outputs the category page ID for a category at a defined depth. Useful for dynamic category menus.",
        "template": "categoryid.snippet"
    },
    {
        "name": "[ekm:categorypagename]",
        "trigger": "categorypagename",
        "usage": "html5",
        "description": "Outputs the category page title for the category you are currently viewing or for a specific ID.",
        "template": "categorypagename.snippet"
    },
    {
        "name": "[ekm:content]",
        "trigger": "content",
        "usage": "html5",
        "description": "Outputs the content for a page. This marker is where your main page, category page, product page, checkout pages etc will display.",
        "template": "content.snippet"
    },
    {
        "name": "[ekm:currency_symbol]",
        "trigger": "currency_symbol",
        "usage": "html5",
        "description": "Outputs the symbol for the currently selected currency.",
        "template": "currency_symbol.snippet"
    },
    {
        "name": "[ekm:date]",
        "trigger": "date",
        "usage": "html5",
        "description": "Outputs the current server date.",
        "template": "date.snippet"
    },
    {
        "name": "[ekm:filter_by]",
        "trigger": "filter_by",
        "usage": "html5",
        "description": "Output filtering options for narrowing down results on a category page.",
        "template": "filter_by.snippet"
    },
    {
        "name": "[ekm:ipaddress]",
        "trigger": "ipaddress",
        "usage": "html5",
        "description": "Outputs the IP Address for the user currently viewing your site.",
        "template": "ipaddress.snippet"
    },
    {
        "name": "[ekm:minicart]",
        "trigger": "minicart",
        "usage": "html5",
        "description": "Outputs the current contents of a visitors shopping cart.",
        "template": "minicart.snippet"
    },
    {
        "name": "[ekm:pageid]",
        "trigger": "pageid",
        "usage": "html5",
        "description": "Outputs the page ID for the page you are currently viewing.",
        "template": "pageid.snippet"
    },
    {
        "name": "[ekm:pagetitle]",
        "trigger": "pagetitle",
        "usage": "html5",
        "description": "Outputs the title of the page you are currently viewing. If meta titles are enabled these will output instead.",
        "template": "pagetitle.snippet"
    },
    {
        "name": "[ekm:poweredby]",
        "trigger": "poweredby",
        "usage": "html5",
        "description": "Outputs the powered by EKM text and link.",
        "template": "poweredby.snippet"
    },
    {
        "name": "[ekm:recordcount]",
        "trigger": "recordcount",
        "usage": "html5",
        "description": "Outputs a record count of either products or categories within a category.",
        "template": "recordcount.snippet"
    },
    {
        "name": "[ekm:show_webpages]",
        "trigger": "show_webpages",
        "usage": "html5",
        "description": "Outputs a record count of either products or categories within a category.",
        "template": "show_webpages.snippet"
    },
    {
        "name": "[ekm:showdata]",
        "trigger": "showdata",
        "usage": "html5",
        "description": "Updated Outputs products, categories, related products or special offers for a given criteria.",
        "template": "showdata.snippet"
    },
    {
        "name": "[ekm:sort_by]",
        "trigger": "sort_by",
        "usage": "html5",
        "description": "Output drop down for re-ordering products on a catgeory page.",
        "template": "sort_by.snippet"
    },
    {
        "name": "[ekm:sitename]",
        "trigger": "sitename",
        "usage": "html5",
        "description": "Outputs the name of your shop.",
        "template": "sitename.snippet"
    },
    {
        "name": "[ekm:siteusername]",
        "trigger": "siteusername",
        "usage": "html5",
        "description": "Outputs the username of your EKM account. Useful for image paths.",
        "template": "siteusername.snippet"
    },
    {
        "name": "[ekm:time]",
        "trigger": "time",
        "usage": "html5",
        "description": "Outputs the current server time.",
        "template": "time.snippet"
    },
    {
        "name": "[ekm:webpagename]",
        "trigger": "webpagename",
        "usage": "html5",
        "description": "Outputs the name of a webpage for the given ID.",
        "template": "webpagename.snippet"
    },
    {
        "name": "[ekm:companylogo]",
        "trigger": "companylogo",
        "usage": "html5",
        "description": "Displays a company logo you define within the backend of your EKM account.",
        "template": "companylogo.snippet"
    },
    {
        "name": "[ekm:element]",
        "trigger": "element",
        "usage": "html5",
        "description": "Outputs the element content of an editable area.",
        "template": "element.snippet"
    },
    {
        "name": "[ekm:elementname]",
        "trigger": "elementname",
        "usage": "html5",
        "description": "Outputs the element title of an editable area.",
        "template": "elementname.snippet"
    },
    {
        "name": "[ekm:favicon]",
        "trigger": "favicon",
        "usage": "html5",
        "description": "Outputs the favicon tag with an image you define within the backend of your EKM account.",
        "template": "favicon.snippet"
    },
    {
        "name": "[ekm:footertext]",
        "trigger": "footertext",
        "usage": "html5",
        "description": "Outputs the footer text you have specified within the backend of your EKM.",
        "template": "footertext.snippet"
    },
    {
        "name": "[ekm:incategorydescription]",
        "trigger": "incategorydescription",
        "usage": "html5",
        "description": "Outputs the in-category description for the category you are viewing.",
        "template": "incategorydescription.snippet"
    },
    {
        "name": "[ekm:welcomearea]",
        "trigger": "welcomearea",
        "usage": "html5",
        "description": "Outputs the welcome area for EKM.",
        "template": "welcomearea.snippet"
    },
    {
        "name": "[ekm:welcomearea_imagepath]",
        "trigger": "welcomearea_imagepath",
        "usage": "html5",
        "description": "Outputs the image path to the image defined within your [ekm:welcomearea] tag.",
        "template": "welcomearea_imagepath.snippet"
    },
    {
        "name": "[ekm:welcomearea_imagetop]",
        "trigger": "welcomearea_imagetop",
        "usage": "html5",
        "description": "Outputs the welcome area with the image displayed above the text.",
        "template": "welcomearea_imagetop.snippet"
    },
    {
        "name": "[ekm:welcomearea_noimage]",
        "trigger": "welcomearea_noimage",
        "usage": "html5",
        "description": "Outputs the welcome area without an image.",
        "template": "welcomearea_noimage.snippet"
    },
    {
        "name": "[ekm:if] Equals",
        "trigger": "ifequals",
        "usage": "html5",
        "description": "This is used to test whether two values are equal to one another. You can test strings, integers and EKM Tag outputs.",
        "template": "ifequals.snippet"
    },
    {
        "name": "[ekm:if] Contains",
        "trigger": "ifcontains",
        "usage": "html5",
        "description": "This used to test whether a string contains another string.",
        "template": "ifcontains.snippet"
    },
    {
        "name": "[ekm:if] Greater Than",
        "trigger": "ifgreaterthan",
        "usage": "html5",
        "description": "This is used to test whether the first value is greater than the second value. You can test only integers and EKM Tag outputs.",
        "template": "ifgreaterthan.snippet"
    },
    {
        "name": "[ekm:if] Less Than",
        "trigger": "iflessthan",
        "usage": "html5",
        "description": "This is used to test whether the first value is less than the second value. You can test only integers and EKM Tag outputs.",
        "template": "iflessthan.snippet"
    },
    {
        "name": "[ekm:if] In",
        "trigger": "ifin",
        "usage": "html5",
        "description": "This is used to test whether the first value is equal to any of the comma delimited values in the second value.",
        "template": "ifin.snippet"
    },
    {
        "name": "[ekm:if] Web Page",
        "trigger": "ifwebpage",
        "usage": "html5",
        "description": "This tag is used to test whether or not a webpage exsists on your EKM and whether or not it is active.",
        "template": "ifwebpage.snippet"
    },
    {
        "name": "[ekm:if] Has Sub Categories",
        "trigger": "ifhassubcategories",
        "usage": "html5",
        "description": "This is used to check whether a category, specified by ID, has sub-categories within it.",
        "template": "ifhassubcategories.snippet"
    },
    {
        "name": "[ekm:if] Element Not Empty",
        "trigger": "ifelementnotempty",
        "usage": "html5",
        "description": "This is used to check whether an element, specified by element_reference, has any content.",
        "template": "ifelementnotempty.snippet"
    },
    {
        "name": "[ekm:if] The Page Currently Selected",
        "trigger": "ifisselected",
        "usage": "html5",
        "description": "This is used to determine whether or not you are current on the category, product or webpage specified by ID.",
        "template": "ifisselected.snippet"
    },
    {
        "name": "[ekm:if] Product Type",
        "trigger": "ifproduct",
        "usage": "html5",
        "description": "This statement is used to test whether you are on a specific platform. You can test whether your account is set to EKM or ekmSitebuilder.",
        "template": "ifproduct.snippet"
    },
    {
        "name": "[ekm:if] Shop Owner Logged In",
        "trigger": "ifloggedin",
        "usage": "html5",
        "description": "This statement is used to test whether or not you are logged into your EKM or not.",
        "template": "ifloggedin.snippet"
    },
    {
        "name": "[ekm:if] EKM Mode",
        "trigger": "ifekmmode",
        "usage": "html5",
        "description": "This statement is used to determine whether or not the show owner is in the 'Shop' view or 'Design' view.",
        "template": "ifekmmode.snippet"
    },
    {
        "name": "[ekm:customer_logged_in]",
        "trigger": "customerloggedin",
        "usage": "html5",
        "description": "A logic statement that displays different values if the customer is logged into your EKM account or logged out.",
        "template": "customerloggedin.snippet"
    },
    {
        "name": "[ekm:metadescription]",
        "trigger": "metadescription",
        "usage": "html5",
        "description": "Outputs your meta description for the page you are currently viewing.",
        "template": "metadescription.snippet"
    },
    {
        "name": "[ekm:metakeywords]",
        "trigger": "metakeywords",
        "usage": "html5",
        "description": "Outputs your meta keywords for the page you are currently viewing.",
        "template": "metakeywords.snippet"
    },
    {
        "name": "[ekm:seofriendlylink]",
        "trigger": "seofriendlylink",
        "usage": "html5",
        "description": "Outputs an SEO friendly link to a webpage, product or category page.",
        "template": "seofriendlylink.snippet"
    },
    {
        "name": "[ekm:addtocart]",
        "trigger": "addtocart",
        "usage": "html5",
        "description": "Outputs the add to cart button for the current product page.",
        "template": "addtocart.snippet"
    },
    {
        "name": "[ekm:emailtofriend]",
        "trigger": "emailtofriend",
        "usage": "html5",
        "description": "Outputs a button or link to email the current product to a friend.",
        "template": "emailtofriend.snippet"
    },
    {
        "name": "[ekm:productattributes]",
        "trigger": "productattributes",
        "usage": "html5",
        "description": "Outputs the current product's list of product attributes If the 'Product Attributes' feature is enabled.",
        "template": "productattributes.snippet"
    },
    {
        "name": "[ekm:productbrand]",
        "trigger": "productbrand",
        "usage": "html5",
        "description": "Outputs the current product's 'brand'. If the 'Product Attributes' feature is enabled.",
        "template": "productbrand.snippet"
    },
    {
        "name": "[ekm:productcategories]",
        "trigger": "productcategories",
        "usage": "html5",
        "description": "Outputs the category names and links of any category the product is currently category managed into.",
        "template": "productcategories.snippet"
    },
    {
        "name": "[ekm:productcode]",
        "trigger": "productcode",
        "usage": "html5",
        "description": "Outputs the current product's 'product code'. If the 'Product Attributes' feature is enabled.",
        "template": "productcode.snippet"
    },
    {
        "name": "[ekm:productcondition]",
        "trigger": "productcondition",
        "usage": "html5",
        "description": "Outputs the current product's 'condition'. If the 'Product Attributes' feature is enabled.",
        "template": "productcondition.snippet"
    },
    {
        "name": "[ekm:productend]",
        "trigger": "productend",
        "usage": "html5",
        "description": "Outputs the form-end needed for the add to cart button, quantity and product options to work.",
        "template": "productend.snippet"
    },
    {
        "name": "[ekm:productimage]",
        "trigger": "productimage",
        "usage": "html5",
        "description": "Outputs the product images for the currently displayed product.",
        "template": "productimage.snippet"
    },
    {
        "name": "[ekm:productoptions]",
        "trigger": "productoptions",
        "usage": "html5",
        "description": "Outputs the product options and variants for the current product.",
        "template": "productoptions.snippet"
    },
    {
        "name": "[ekm:productprice]",
        "trigger": "productprice",
        "usage": "html5",
        "description": "Outputs the product's price.",
        "template": "productprice.snippet"
    },
    {
        "name": "[ekm:productrrp]",
        "trigger": "productrrp",
        "usage": "html5",
        "description": "Outputs the current product's 'RRP'. If the 'RRP' feature is enabled.",
        "template": "productrrp.snippet"
    },
    {
        "name": "[ekm:productsaving]",
        "trigger": "productsaving",
        "usage": "html5",
        "description": "Outputs the current product's savings in percentage or currency values.",
        "template": "productsaving.snippet"
    },
    {
        "name": "[ekm:productshortdescription]",
        "trigger": "productshortdescription",
        "usage": "html5",
        "description": "Outputs the current product's short description",
        "template": "productshortdescription.snippet"
    },
    {
        "name": "[ekm:productstock]",
        "trigger": "productstock",
        "usage": "html5",
        "description": "Outputs the product's weight if set.",
        "template": "productstock.snippet"
    },
    {
        "name": "[ekm:productweight]",
        "trigger": "productweight",
        "usage": "html5",
        "description": "Outputs an 'In Stock', 'Out Of Stock' or numeric value of the current stock level of the displaying product.",
        "template": "productweight.snippet"
    },
    {
        "name": "[ekm:captcha]",
        "trigger": "captcha",
        "usage": "html5",
        "description": "Outputs a form captcha on a page to detect whether the submitter is human or an automated script.",
        "template": "captcha.snippet"
    },
    {
        "name": "[ekm:card_logos]",
        "trigger": "card_logos",
        "usage": "html5",
        "description": "Outputs the credit card logos for any cards you set in the 'Card Logos' feature.",
        "template": "card_logos.snippet"
    },
    {
        "name": "[ekm:changepassword] User",
        "trigger": "changepassword",
        "usage": "html5",
        "description": "New Outputs a form to change the currently logged-in customer's password.",
        "template": "changepassword.snippet"
    },
    {
        "name": "[ekm:customerreviews]",
        "trigger": "customerreviews",
        "usage": "html5",
        "description": "Outputs the customer reviews for the current product. If the feature is enabled",
        "template": "customerreviews.snippet"
    },
    {
        "name": "[ekm:backinstock]",
        "trigger": "backinstock",
        "usage": "html5",
        "description": "Outputs a form for users to enter an email address to be notified when a product is back in stock.",
        "template": "backinstock.snippet"
    },
    {
        "name": "[ekm:loyaltypoints]",
        "trigger": "loyaltypoints",
        "usage": "html5",
        "description": "Outputs the number of loyalty points awarded for a product. If the 'Loyalty Points' feature is enabled.",
        "template": "loyaltypoints.snippet"
    },
    {
        "name": "[ekm:newsletter]",
        "trigger": "newsletter",
        "usage": "html5",
        "description": "Outputs the ekmResponse signup form when a response account is linked with an EKM account.",
        "template": "newsletter.snippet"
    },
    {
        "name": "[ekm:securearea_login]",
        "trigger": "securearea_login",
        "usage": "html5",
        "description": "Outputs a customer login sections allowing users to log in and see previous orders.",
        "template": "securearea_login.snippet"
    },
    {
        "name": "[ekm:sa_contact_form]",
        "trigger": "sa_contact_form",
        "usage": "html5",
        "description": "Outputs a contact form for the currently logged in customer to leave messages regarding their order.",
        "template": "sa_contact_form.snippet"
    },
    {
        "name": "[ekm:sa_show_orders]",
        "trigger": "sa_show_orders",
        "usage": "html5",
        "description": "Outputs a table of orders for the currently logged in customer.",
        "template": "sa_show_orders.snippet"
    },
    {
        "name": "[ekm:searchbox]",
        "trigger": "searchbox",
        "usage": "html5",
        "description": "New Outputs a shop search box.",
        "template": "searchbox.snippet"
    },
    {
        "name": "[ekm:social]",
        "trigger": "social",
        "usage": "html5",
        "description": "Outputs social plugins.",
        "template": "social.snippet"
    }
]